user_id,employee_id,username,role,account_status,created_date,last_login_date,status_last_updated
LN-0001,EMP0002,noah.rhodes,Loan Approver,Active,2020-04-26,2026-08-15,2020-04-26
LN-0002,EMP0014,michele.williams,Disbursement Officer,Active,2023-01-02,2026-08-17,2023-01-02
LN-0003,EMP0024,tommy.walter,Credit Analyst,Active,2024-10-15,2026-08-17,2024-10-15
LN-0004,EMP0026,judy.baker,Loan Creator,Active,2024-04-16,2026-09-02,2024-04-16
LN-0005,EMP0033,tricia.valencia,Loan Creator,Active,2019-12-13,2026-09-01,2019-12-13
LN-0006,EMP0035,debra.davidson,Loan Creator,Active,2024-09-09,2026-09-02,2024-09-09
LN-0007,EMP0056,michael.lewis,Loan Creator,Active,2023-09-20,2026-09-04,2023-09-20
LN-0008,EMP0059,brent.jordan,Credit Analyst,Active,2023-04-23,2026-08-22,2023-04-23
LN-0009,EMP0060,john.daniel,Loan Creator,Disabled,2019-05-31,2019-06-23,2019-08-16
LN-0010,EMP0068,carol.tucker,Loan Creator,Disabled,2025-05-31,2025-08-17,2025-09-17
LN-0011,EMP0085,zachary.ferrell,Loan Approver,Active,2020-07-25,2026-09-25,2020-07-25
LN-0012,EMP0092,brian.rodriguez,Loan Creator,Active,2020-09-26,2026-09-19,2020-09-26
LN-0013,EMP0098,deborah.figueroa,Loan Creator,Active,2019-01-04,2026-09-11,2019-01-04
LN-0014,EMP0102,cameron.parker,Credit Analyst,Disabled,2021-09-23,2021-10-12,2025-03-25
LN-0015,EMP0105,richard.henson,Loan Approver,Active,2019-03-31,2026-04-27,2019-03-31
LN-0016,EMP0119,victor.baker,Disbursement Officer,Active,2021-04-07,2026-08-17,2021-04-07
LN-0017,EMP0120,jeffrey.chandler,Loan Approver,Disabled,2019-04-08,2022-11-06,2024-10-10
LN-0018,EMP0129,cameron.fisher,Loan Approver,Active,2023-10-21,2026-08-27,2023-10-21
LN-0019,EMP0131,elizabeth.kelley,Credit Analyst,Disabled,2023-09-05,2025-01-11,2025-06-21
LN-0020,EMP0132,dustin.jordan,Loan Creator,Active,2022-07-06,2026-09-06,2022-07-06
LN-0021,EMP0142,david.jr,Disbursement Officer,Active,2024-09-26,2026-09-07,2024-09-26
LN-0022,EMP0144,christopher.rubio,Credit Analyst,Disabled,2020-10-12,2022-04-27,2025-03-13
LN-0023,EMP0148,stephanie.salazar,Loan Creator,Disabled,2026-01-23,2026-03-27,2026-03-27
LN-0024,EMP0149,kathy.rivas,Credit Analyst,Active,2018-12-22,2026-09-20,2018-12-22
LN-0025,EMP0150,stephanie.manning,Credit Analyst,Active,2024-01-21,2026-09-22,2024-01-21
LN-0026,EMP0156,michelle.brown,Loan Creator,Active,2025-05-24,2026-08-29,2025-05-24
LN-0027,EMP0168,alyssa.day,Loan Creator,Active,2021-02-18,2026-08-19,2021-02-18
LN-0028,EMP0172,darlene.miller,Loan Creator,Active,2025-12-28,2026-09-10,2025-12-28
LN-0029,EMP0178,michael.wang,Loan Creator,Active,2020-11-29,2026-09-05,2020-11-29
LN-0030,EMP0191,debra.morton,Loan Creator,Active,2023-01-04,2026-08-31,2023-01-04
LN-0031,EMP0195,john.bishop,Credit Analyst,Active,2020-09-14,2026-09-08,2020-09-14
LN-0032,EMP0196,allen.rosales,Loan Creator,Active,2023-04-30,2026-08-21,2023-04-30
LN-0033,EMP0176,alex.hernandez,Admin,Active,2025-01-01,2026-08-20,2025-01-01
LN-0034,EMP0069,james.brown,Admin,Active,2025-05-08,2026-09-25,2025-05-08
LN-0035,EMP0123,april.frost,Admin,Active,2020-07-12,2026-09-19,2020-07-12
LN-0036,,joseph.coleman,Disbursement Officer,Active,2022-08-03,2026-08-17,2022-08-03
LN-0037,,erin.warner,Credit Analyst,Active,2024-03-21,2026-08-30,2024-03-21
LN-0038,,katherine.salas,Credit Analyst,Active,2022-04-27,2026-09-27,2022-04-27
LN-0039,,mark.brown,Disbursement Officer,Active,2023-04-30,2026-09-08,2023-04-30
LN-0040,,justin.torres,Loan Creator,Active,2025-07-19,2026-09-22,2025-07-19
LN-0041,,jeremy.dalton,Loan Approver,Active,2025-10-19,2026-09-03,2025-10-19
LN-0042,,theresa.clark,Disbursement Officer,Active,2025-06-02,2026-08-21,2025-06-02
LN-0043,EMP0123,training,Loan Creator,Active,2023-06-16,2026-09-23,2023-06-16
LN-0044,EMP0084,temp,Disbursement Officer,Active,2024-08-27,2026-08-25,2024-08-27
LN-0045,EMP0095,training94,Credit Analyst,Active,2025-03-25,2026-09-10,2025-03-25
LN-0046,EMP0165,training75,Credit Analyst,Active,2025-04-30,2026-09-06,2025-04-30
LN-0047,EMP0058,shared_acct,Loan Creator,Active,2025-03-11,2026-08-27,2025-03-11
LN-0048,EMP0010,admin2,Loan Creator,Active,2025-01-24,2026-09-07,2025-01-24
LN-0049,EMP0002,backup_admin,Loan Creator,Active,2023-03-09,2026-08-29,2023-03-09
LN-0050,EMP0093,denise.jacobs,Loan Creator,Active,2022-07-22,2026-09-20,2022-07-22
LN-0051,EMP0093,denise.jacobs2,Loan Approver,Active,2022-08-16,2026-08-24,2022-08-16
LN-0052,EMP0032,james.ferrell,Loan Creator,Active,2021-10-28,2026-09-22,2021-10-28
LN-0053,EMP0032,james.ferrell2,Loan Approver,Active,2021-10-11,2026-09-05,2021-10-11
LN-0054,EMP0096,anna.henderson,Loan Approver,Active,2020-12-30,2026-08-22,2020-12-30
LN-0055,EMP0096,anna.henderson2,Disbursement Officer,Active,2021-02-21,2026-09-20,2021-02-21
LN-0056,EMP0098,deborah.figueroa2,Loan Approver,Active,2019-01-23,2026-09-23,2019-01-23
LN-0057,EMP0097,aaron.wise,Loan Approver,Active,2022-04-19,2026-09-10,2022-04-19
LN-0058,EMP0097,aaron.wise2,Disbursement Officer,Active,2022-03-30,2026-09-05,2022-03-30
LN-0059,EMP0110,sharon.cochran,Loan Approver,Active,2023-04-16,2026-08-14,2023-04-16
LN-0060,EMP0110,sharon.cochran2,Disbursement Officer,Active,2023-05-26,2026-08-24,2023-05-26
